id,full_name,department_code,position,academic_degree,academic_title,orcid,google_scholar,scopus,web_of_science,profile_url
T-D001-A3A41669,Григор’єва Валентина Борисівна,D001,Старший викладач,Кандидатка педагогічних наук,Старший викладач,https://orcid.org/0000-0002-5533-3844,https://scholar.google.com.ua/citations?hl=uk&user=Tmv_6QcAAAAJ,,,https://www.kspu.edu/About/Faculty/FPhysMathemInformatics/ChairAlgGeomMathAnalysis/Staff.aspx
T-D001-63142DE7,Котова Ольга Володимирівна,D001,Доцент кафедри,Кандидатка фізико-математичних наук,Доцент,https://orcid.org/0000-0002-5533-3844,https://scholar.google.com.ua/citations?hl=uk&user=wyyy-XYAAAAJ,,https://www.webofscience.com/wos/author/rid/ABI-8418-2022,https://www.kspu.edu/About/Faculty/FPhysMathemInformatics/ChairAlgGeomMathAnalysis/Staff.aspx
T-D001-F0948F16,Кузьмич Валерій Іванович,D001,Професор кафедри,Кандидат фізико-математичних наук,Професор,https://orcid.org/0000-0002-8150-3456,https://scholar.google.com.ua/citations?user=VyFIWEUAAAAJ&hl=uk,https://www.scopus.com/authid/detail.uri?authorId=16483382500,https://www.webofscience.com/wos/author/record/AAL-9408-2020,https://www.kspu.edu/About/Faculty/FPhysMathemInformatics/ChairAlgGeomMathAnalysis/Staff.aspx
T-D001-CFF6B985,Кузьмич Людмила Василівна,D001,Доцент кафедри,Кандидатка педагогічних наук,Доцент,https://orcid.org/0000-0002-6727-9064,https://scholar.google.com.ua/citations?user=soPGAHYAAAAJ&hl=uk&authuser=1,https://www.scopus.com/authid/detail.uri?authorId=57224373102,https://www.webofscience.com/wos/author/record/AAL-8312-2020,https://www.kspu.edu/About/Faculty/FPhysMathemInformatics/ChairAlgGeomMathAnalysis/Staff.aspx
T-D001-FA996E5A,Плоткін Яків Давидович,D001,Доцент кафедри,Кандидат фізико-математичних наук,Доцент,https://orcid.org/0000-0002-5533-3844,,https://www.scopus.com/authid/detail.uri?authorId=16511257600,,https://www.kspu.edu/About/Faculty/FPhysMathemInformatics/ChairAlgGeomMathAnalysis/Staff.aspx
T-D001-297C382B,Савченко Олександр Григорович,D001,Професор кафедри,Доктор фізико-математичних наук,Професор,https://orcid.org/0000-0003-4687-5542,https://scholar.google.com.ua/citations?hl=uk&user=srZZnpQAAAAJ,https://www.scopus.com/authid/detail.uri?authorId=33467826600,https://www.webofscience.com/wos/author/record/AAD-9326-2019,https://www.kspu.edu/About/Faculty/FPhysMathemInformatics/ChairAlgGeomMathAnalysis/Staff.aspx
T-D001-342662D6,Савченко Сергій Олександрович,D001,Викладач,,Викладач,https://orcid.org/0000-0001-9706-5334,,https://www.scopus.com/authid/detail.uri?authorId=57741626400,,https://www.kspu.edu/About/Faculty/FPhysMathemInformatics/ChairAlgGeomMathAnalysis/Staff.aspx
T-D001-461C77CD,Таточенко Володимир Іванович,D001,Завідувач кафедри,Кандидат педагогічних наук,Доцент,https://orcid.org/0000-0002-8984-268X,https://scholar.google.com.ua/citations?hl=uk&user=GycNcfgAAAAJ,https://www.scopus.com/authid/detail.uri?authorId=57225910824,https://www.webofscience.com/wos/author/record/AFB-8838-2022,https://www.kspu.edu/About/Faculty/FPhysMathemInformatics/ChairAlgGeomMathAnalysis/Staff.aspx
T-D002-CFD7F2EA,Єрмакова-Черченко Наталія Олександрівна,D002,Доцент кафедри,Кандидатка педагогічних наук,Доцент,http://orcid.org/0000-0001-9438-4866,https://scholar.google.com.ua/citations?user=sh50Sh8AAAAJ&hl=ru,https://www.scopus.com/authid/detail.uri?authorId=57211298989,,https://www.kspu.edu/About/Faculty/FPhysMathemInformatics/ChairPhysics/Staff.aspx
T-D002-3F1C6DD9,Івашина Юрій Кирилович,D002,Доцент кафедри,Кандидат фізико-математичних наук,Доцент,https://orcid.org/0000-0001-9569-2393,https://scholar.google.com.ua/citations?hl=ru&user=WYFvXIEAAAAJ&view_op=list_works,https://www.scopus.com/authid/detail.uri?origin=AuthorProfile&authorId=6507605860&zone,,https://www.kspu.edu/About/Faculty/FPhysMathemInformatics/ChairPhysics/Staff.aspx
T-D002-C00072C7,Бабічев Сергій Анатолійович,D002,Професор кафедри,Доктор технічних наук,Професор,https://orcid.org/0000-0001-6797-1467,https://scholar.google.com.ua/citations?hl=ru&user=EOqNtgIAAAAJ,https://www.scopus.com/authid/detail.uri?authorId=57189091127,https://www.webofscience.com/wos/author/record/R-4502-2017,https://www.kspu.edu/About/Faculty/FPhysMathemInformatics/ChairPhysics/Staff.aspx
T-D002-EEDD608B,Гончаренко Тетяна Леонідівна,D002,Доцент кафедри,Кандидатка педагогічних наук,Доцент,https://orcid.org/0000-0002-2021-9320,https://scholar.google.com.ua/citations?user=MSJuZjYAAAAJ&hl=uk,https://www.scopus.com/authid/detail.uri?authorId=57209797050,,https://www.kspu.edu/About/Faculty/FPhysMathemInformatics/ChairPhysics/Staff.aspx
T-D002-F6BC2895,Зіновська Вікторія Олександрівна,D002,Асистент,,Асистент,,,,,https://www.kspu.edu/About/Faculty/FPhysMathemInformatics/ChairPhysics/Staff.aspx
T-D002-9C8C7F09,Кузьменков Сергій Георгійович,D002,Завідувач кафедри,Доктор педагогічних наук,Професор,https://orcid.org/0000-0002-5257-9523,https://scholar.google.com.ua/citations?hl=uk&user=lUBWIocAAAAJ,https://www.scopus.com/authid/detail.uri?authorId=57209792743,,https://www.kspu.edu/About/Faculty/FPhysMathemInformatics/ChairPhysics/Staff.aspx
T-D003-F71060EB,Єрмолаєв Вадим Анатолійович,D003,Доцент кафедри,Кандидат фізико-математичних наук,Доцент,,,,,https://www.kspu.edu/About/Faculty/FPhysMathemInformatics/ChairInformatics/Staff.aspx
T-D003-2510C805,Ільїна Інна Вікторівна,D003,Асистент,,Асистент,,,,,https://www.kspu.edu/About/Faculty/FPhysMathemInformatics/ChairInformatics/Staff.aspx
T-D003-0EFFA625,Азадова Елліна Валеріївна,D003,Викладач,,Викладач,,,,,https://www.kspu.edu/About/Faculty/FPhysMathemInformatics/ChairInformatics/Staff.aspx
T-D003-33F22A02,Валько Наталія Валеріївна,D003,Професор кафедри,Докторка педагогічних наук,Професор,,,,,https://www.kspu.edu/About/Faculty/FPhysMathemInformatics/ChairInformatics/Staff.aspx
T-D003-293954C4,Вейцбліт Олександр Йосипович,D003,Доцент кафедри,Кандидат фізико-математичних наук,Доцент,,,,,https://www.kspu.edu/About/Faculty/FPhysMathemInformatics/ChairInformatics/Staff.aspx
T-D003-FEB81DD4,Вінник Максим Олександрович,D003,Професор кафедри,Кандидат педагогічних наук,Професор,,,,,https://www.kspu.edu/About/Faculty/FPhysMathemInformatics/ChairInformatics/Staff.aspx
T-D003-C318CC49,Гнєдкова Ольга Олександрівна,D003,Доцент кафедри,Кандидатка педагогічних наук,Доцент,,,,,https://www.kspu.edu/About/Faculty/FPhysMathemInformatics/ChairInformatics/Staff.aspx
T-D003-FC084334,Зайцева Тетяна Василівна,D003,Доцент кафедри,Кандидатка педагогічних наук,Доцент,,,,,https://www.kspu.edu/About/Faculty/FPhysMathemInformatics/ChairInformatics/Staff.aspx
T-D003-57696CAE,Кобець Віталій Миколайович,D003,Професор кафедри,Доктор економічних наук,Професор,,,,,https://www.kspu.edu/About/Faculty/FPhysMathemInformatics/ChairInformatics/Staff.aspx
T-D003-953D18DB,Козловський Євген Олегович,D003,Викладач,,Викладач,,,,,https://www.kspu.edu/About/Faculty/FPhysMathemInformatics/ChairInformatics/Staff.aspx
T-D003-5D375509,Коннова Ольга Владиславівна,D003,Асистент,,Асистент,,,,,https://www.kspu.edu/About/Faculty/FPhysMathemInformatics/ChairInformatics/Staff.aspx
T-D003-F79FB516,Кравцов Геннадій Михайлович,D003,Доцент кафедри,Кандидат фізико-математичних наук,Доцент,,,,,https://www.kspu.edu/About/Faculty/FPhysMathemInformatics/ChairInformatics/Staff.aspx
T-D003-BF62D544,Круглик Владислав Сергійович,D003,Професор кафедри,Доктор педагогічних наук,Професор,,,,,https://www.kspu.edu/About/Faculty/FPhysMathemInformatics/ChairInformatics/Staff.aspx
T-D003-DA75942A,Кушнір Наталія Олександрівна,D003,Доцент кафедри,,Доцент,,,,,https://www.kspu.edu/About/Faculty/FPhysMathemInformatics/ChairInformatics/Staff.aspx
T-D003-941F6753,Лактіонов Сергій Олександрович,D003,Викладач,,Викладач,,,,,https://www.kspu.edu/About/Faculty/FPhysMathemInformatics/ChairInformatics/Staff.aspx
T-D003-903E0D19,Лемещук Олександр Ігорович,D003,Викладач кафедри,Доктор філософії з галузі знань 012 інформаційні технології зі спеціальності 121 інженерія програмного забезпечення,Викладач,,,,,https://www.kspu.edu/About/Faculty/FPhysMathemInformatics/ChairInformatics/Staff.aspx
T-D003-A67684DD,Летичевський Олександр Олександрович,D003,Завідувач кафедри,Доктор фізико-математичних наук,Професор,,,,,https://www.kspu.edu/About/Faculty/FPhysMathemInformatics/ChairInformatics/Staff.aspx
T-D003-BC781C67,Львов Михайло Сергійович,D003,Професор кафедри,Доктор фізико-математичних наук,Професор,,,,,https://www.kspu.edu/About/Faculty/FPhysMathemInformatics/ChairInformatics/Staff.aspx
T-D003-85CD5E74,Песчаненко Володимир Сергійович,D003,Завідувач кафедри,Доктор фізико-математичних наук,Професор,,,,,https://www.kspu.edu/About/Faculty/FPhysMathemInformatics/ChairInformatics/Staff.aspx
T-D003-1585E3FF,Полторацький Максим Юрійович,D003,Доцент кафедри,Доктор філософії з галузі знань 012 інформаційні технології зі спеціальності 121 інженерія програмного забезпечення,Доцент,,,,,https://www.kspu.edu/About/Faculty/FPhysMathemInformatics/ChairInformatics/Staff.aspx
T-D003-3CC5620A,Співаковський Олександр Володимирович,D003,Професор кафедри,Доктор педагогічних наук,Професор,,,,,https://www.kspu.edu/About/Faculty/FPhysMathemInformatics/ChairInformatics/Staff.aspx
T-D003-23ADD733,Тарасіч Юлія Геннадіївна,D003,Викладач,Доктор філософії з галузі знань 012 інформаційні технології зі спеціальності 121 інженерія програмного забезпечення,Викладач,,,,,https://www.kspu.edu/About/Faculty/FPhysMathemInformatics/ChairInformatics/Staff.aspx
T-D003-EAC6995C,Топалов Андрій Миколайович,D003,Доцент кафедри,Кандидат технічних наук,Доцент,,,,,https://www.kspu.edu/About/Faculty/FPhysMathemInformatics/ChairInformatics/Staff.aspx
T-D003-22802699,Федянін Павло Костянтинович,D003,Викладач,,Викладач,,,,,https://www.kspu.edu/About/Faculty/FPhysMathemInformatics/ChairInformatics/Staff.aspx
T-D003-45524EE1,Черненко Ірина Євгенівна,D003,Старший викладач,,Старший викладач,,,,,https://www.kspu.edu/About/Faculty/FPhysMathemInformatics/ChairInformatics/Staff.aspx
T-D003-D754C854,Шишко Людмила Станіславівна,D003,Доцент кафедри,Кандидатка технічних наук,Доцент,,,,,https://www.kspu.edu/About/Faculty/FPhysMathemInformatics/ChairInformatics/Staff.aspx
T-D003-B7514209,Щедролосьев Дмитро Євгенович,D003,Професор кафедри,Кандидат педагогічних наук,Професор,,,,,https://www.kspu.edu/About/Faculty/FPhysMathemInformatics/ChairInformatics/Staff.aspx
T-D004-435896E4,Балковий Ігор Анатолійович,D004,Викладач,,Викладач,,,,,https://www.kspu.edu/About/Faculty/FPhysicalEduSport/ChairTheoryMethodsPhysicalEdu/Staff.aspx
T-D004-2C28A154,Грабовський Юрій Антонович,D004,Доцент кафедри,Кандидат педагогічних наук,Доцент,https://orcid.org/0000-0002-1854-5928,https://scholar.google.com.ua/citations?user=DcQD8pwAAAAJ&hl=uk,,,https://www.kspu.edu/About/Faculty/FPhysicalEduSport/ChairTheoryMethodsPhysicalEdu/Staff.aspx
T-D004-13C5528D,Коваль Вікторія Юріївна,D004,Доцент кафедри,Кандидатка педагогічних наук,Доцент,https://orcid.org/0000-0003-0550-8631,https://scholar.google.com.ua/citations?user=UMju0tkAAAAJ&hl=uk,,,https://www.kspu.edu/About/Faculty/FPhysicalEduSport/ChairTheoryMethodsPhysicalEdu/Staff.aspx
T-D004-19F18DF4,Кострікова Катерина Сергіївна,D004,Завідувач кафедри,Кандидатка педагогічних наук,Старший викладач,,https://scholar.google.com.ua/citations?user=ODGKQHoAAAAJ&hl=uk&oi=sra,,,https://www.kspu.edu/About/Faculty/FPhysicalEduSport/ChairTheoryMethodsPhysicalEdu/Staff.aspx
T-D004-BD373012,Пришва Олесь Борисович,D004,Доцент кафедри,Кандидат педагогічних наук,Доцент,https://orcid.org/0000-0002-3727-5142,https://scholar.google.com.ua/citations?user=QxjPKhEAAAAJ&hl=uk,,,https://www.kspu.edu/About/Faculty/FPhysicalEduSport/ChairTheoryMethodsPhysicalEdu/Staff.aspx
T-D005-9E87DAED,Глухов Іван Геннадійович,D005,Професор кафедри,,Професор,https://orcid.org/0000-0003-4226-5253,https://scholar.google.com.ua/citations?hl=uk&user=rnMtBdIAAAAJ,https://www.scopus.com/authid/detail.uri?authorId=57208882165,,https://www.kspu.edu/About/Faculty/FPhysicalEduSport/ChairOlympicProfSport/sclad.aspx
T-D005-A5546679,Гуцул Наталія Зеновіївна,D005,Доцент кафедри,,Доцент,,,,,https://www.kspu.edu/About/Faculty/FPhysicalEduSport/ChairOlympicProfSport/sclad.aspx
T-D005-8C617926,Дробот Катерина Володимирівна,D005,Завідувач кафедри,Доктор філософії зі спеціальності 017,Доцент,https://orcid.org/0000-0002-1421-2464,https://scholar.google.com.ua/citations?user=Y1f3qYwAAAAJ&hl=uk,https://www.scopus.com/authid/detail.uri?authorId=57217383139,,https://www.kspu.edu/About/Faculty/FPhysicalEduSport/ChairOlympicProfSport/sclad.aspx
T-D005-05575794,Еделєв Олександр Сергійович,D005,Доцент кафедри,,Доцент,https://orcid.org/0000-0002-7866-0282,https://scholar.google.com.ua/citations?user=bmn1u7AAAAAJ&hl=uk&oi=ao,,,https://www.kspu.edu/About/Faculty/FPhysicalEduSport/ChairOlympicProfSport/sclad.aspx
T-D005-4DEE2058,Задорожна Ольга Романівна,D005,Професор кафедри,,Професор,,https://scholar.google.com.ua/citations?user=vhxsaUgAAAAJ,https://www.scopus.com/authid/detail.uri?authorId=57216690788,,https://www.kspu.edu/About/Faculty/FPhysicalEduSport/ChairOlympicProfSport/sclad.aspx
T-D005-3BBD1D1B,Ложичев Олександр Вікторович,D005,Викладач,,Викладач,,,,,https://www.kspu.edu/About/Faculty/FPhysicalEduSport/ChairOlympicProfSport/sclad.aspx
T-D005-981CBCA6,Ложичева Тетяна Юріївна,D005,Викладач,,,,,,,https://www.kspu.edu/About/Faculty/FPhysicalEduSport/ChairOlympicProfSport/sclad.aspx
T-D005-11E253E0,Тітова Ганна Володимирівна,D005,Доцент кафедри,,Доцент,https://orcid.org/my-orcid?orcid=0000-0001-6703-6276,https://scholar.google.com.ua/citations?user=5k7i09MAAAAJ&hl=uk&oi=ao,https://www.scopus.com/authid/detail.uri?authorId=57961475000,,https://www.kspu.edu/About/Faculty/FPhysicalEduSport/ChairOlympicProfSport/sclad.aspx
T-D005-2F32690B,Хлопецький Василь Михайлович,D005,Старший викладач,,Старший викладач,,,,,https://www.kspu.edu/About/Faculty/FPhysicalEduSport/ChairOlympicProfSport/sclad.aspx
T-D006-696D1DC0,Возний Сергій Степанович,D006,Доцент кафедри,,Доцент,https://orcid.org/0000-0001-6805-584X,https://scholar.google.com.ua/citations?hl=uk&user=sOXCmxUAAAAJ,,,https://www.kspu.edu/About/Faculty/FPhysicalEduSport/Medbiol/Staff.aspx
T-D006-BF094402,Гацоєва Лілія Степанівна,D006,Доцент кафедри,,Доцент,https://orcid.org/0000-0001-5553-1886,https://scholar.google.com.ua/citations?hl=uk&user=rmiLr2IAAAAJ,,,https://www.kspu.edu/About/Faculty/FPhysicalEduSport/Medbiol/Staff.aspx
T-D006-AFD7439A,Глухова Ганна Геннадіївна,D006,Доцент кафедри,Кандидатка педагогічних наук,Доцент,,,,,https://www.kspu.edu/About/Faculty/FPhysicalEduSport/Medbiol/Staff.aspx
T-D006-FEAE786C,Голяка Сергій Кіндратович,D006,Завідувач кафедри,Кандидат біологічних наук,Доцент,https://orcid.org/0000-0001-6805-584X,https://scholar.google.com.ua/citations?hl=uk&user=sOXCmxUAAAAJ,,,https://www.kspu.edu/About/Faculty/FPhysicalEduSport/Medbiol/Staff.aspx
T-D006-5210B9ED,Юдіна Наталія Анатоліївна,D006,Викладач,,Викладач,https://orcid.org/0000-0003-0158-7512,https://scholar.google.com.ua/citations?user=QznEidwAAAAJ&hl=uk,,,https://www.kspu.edu/About/Faculty/FPhysicalEduSport/Medbiol/Staff.aspx
T-D007-E20AC409,Бурак Валентина Геннадіївна,D007,Завідувач кафедри,Доктор педагогічних наук,Доцент,,,,,https://www.kspu.edu/About/Faculty/FBP/ChairGenengineerTraining.aspx
T-D007-063DB4D0,Сорокіна Альона Миколаївна,D007,Асистент,,Асистент,,,,,https://www.kspu.edu/About/Faculty/FBP/ChairGenengineerTraining.aspx
T-D008-483DE53F,Адвокатова Надія Олександрівна,D008,Доцентка кафедри,Кандидатка економічних наук,Доцентка,,,,,https://www.kspu.edu/About/Faculty/FBP/Chair_of_Management_and_Administration/Lecturer.aspx?lang=uk
T-D008-1291DD7A,Синякова Катерина Миколаївна,D008,Доцентка кафедри,Кандидатка економічних наук,Доцентка,https://orcid.org/0000-0002-4439-9717,https://scholar.google.com.ua/citations?user=Rlxvs4AAAAAJ&hl=uk,,,https://www.kspu.edu/About/Faculty/FBP/Chair_of_Management_and_Administration/Lecturer/Syniakova.aspx?lang=uk
T-D008-1A60FC5C,Соловйов Андрій Ігорович,D008,Професор кафедри,Доктор економічних наук,Доцент,,,,,https://www.kspu.edu/About/Faculty/FBP/Chair_of_Management_and_Administration/Lecturer/Solovyov.aspx
T-D008-BB922775,Ушкаренко Юлія Вікторівна,D008,Завідувачка кафедри,Докторка економічних наук,Професорка,https://orcid.org/0000-0002-7231-5277,,,,https://www.kspu.edu/About/Faculty/FBP/ChairEconomicTheory/Staff/Ushkarenko.aspx?lang=uk
T-D008-3E2E7DDD,Чмут Анна Володимирівна,D008,Старша викладачка кафедри,Кандидатка економічних наук,Доцентка,https://orcid.org/0000-0002-5947-728X,https://scholar.google.com.ua/citations?user=91H9CK0AAAAJ&hl=uk,,,https://www.kspu.edu/About/Faculty/FBP/ChairEconomicTheory/Staff/Chmut.aspx
T-D009-447F9C82,АЛЯБОВ ЮРІЙ ВАСИЛЬОВИЧ,D009,Старший викладач,,Старший викладач,,https://scholar.google.ru/citations?hl=ru&user=jDOiYKMAAAAJ,,,https://www.kspu.edu/About/Faculty/FBP/ChairBranchLaw/vukladachi.aspx
T-D009-AD3957FB,ГАВЛОВСЬКА АЛІНА ОЛЕКСАНДРІВНА,D009,Завідувач кафедри,Кандидат юридичних наук,Доцент,,https://scholar.google.com.ua/citations?user=09pkWGEAAAAJ&hl=ru,,,https://www.kspu.edu/About/Faculty/FBP/ChairBranchLaw/vukladachi.aspx
T-D009-9EE98F35,ЗАДОРОЖНЯ ОЛЕНА ВОЛОДИМИРІВНА,D009,Старший викладач,,Старший викладач,,https://scholar.google.com.ua/citations?user=YdcwfnEAAAAJ&hl=ru,,,https://www.kspu.edu/About/Faculty/FBP/ChairBranchLaw/vukladachi.aspx
T-D009-001F65FC,КАПАРУЛІН ЮРІЙ ВАЛЕРІЙОВИЧ,D009,Доцент кафедри,Кандидат історичних наук,Доцент,,,,,https://www.kspu.edu/About/Faculty/FBP/ChairBranchLaw/vukladachi.aspx
T-D009-B73CCB33,СОТУЛА ОЛЕКСАНДР СЕРГІЙОВИЧ,D009,Професор кафедри,Доктор юридичних наук,Професор,,https://scholar.google.ru/citations?hl=ru&user=L9LLPDgAAAAJ,,,https://www.kspu.edu/About/Faculty/FBP/ChairBranchLaw/vukladachi.aspx
T-D009-FC152475,СТРАТОНОВ ВАСИЛЬ МИКОЛАЙОВИЧ,D009,Професор кафедри,Доктор юридичних наук,Професор,,https://scholar.google.com/citations?user=lfvCZ0wAAAAJ&hl=ru&oi=ao,,,https://www.kspu.edu/About/Faculty/FBP/ChairBranchLaw/vukladachi.aspx
T-D009-87E10684,ТОМІЛІНА ЮЛІЯ ЄВГЕНІВНА,D009,Старший викладач,,Старший викладач,,https://scholar.google.com/citations?user=AcrvTJEAAAAJ&hl=ru&oi=sra,,,https://www.kspu.edu/About/Faculty/FBP/ChairBranchLaw/vukladachi.aspx
T-D009-26369285,ШПЕРУН ХРИСТИНА ВСЕВОЛОДІВНА,D009,Доцент кафедри,,Доцент,,https://scholar.google.com.ua/citations?user=YdcwfnEAAAAJ&hl=ru,,,https://www.kspu.edu/About/Faculty/FBP/ChairBranchLaw/vukladachi.aspx
T-D010-C9F15E0E,Ковальов Віталій Валерійович,D010,Доцент кафедри,Кандидат економічних наук,Доцент,,,,,https://www.kspu.edu/About/Faculty/FBP/FOP.aspx?lang=uk
T-D010-9A3AEA13,Мельникова Катерина Вікторівна,D010,Доцентка кафедри,Кандидатка економічних наук,Доцентка,,,,,https://www.kspu.edu/About/Faculty/FBP.aspx?lang=uk
T-D010-DA6A0C4E,Мохненко Андрій Сергійович,D010,Професор кафедри,Доктор економічних наук,Професор,https://orcid.org/0000-0001-6981-2283,,,,https://www.kspu.edu/About/Faculty/FBP/Conference.aspx?lang=uk
T-D010-A6B59FF2,Петренко Вікторія Сергіївна,D010,Завідувачка кафедри,Докторка економічних наук,Доцентка,https://orcid.org/0000-0001-8336-7665,,,,https://www.kspu.edu/About/Faculty/FBP/FOP.aspx?lang=uk
T-D011-5FBF3761,АНІСІМОВА ОЛЕНА ЕДУАРДІВНА,D011,Доцент кафедри,Кандидат педагогічних наук,Доцент,https://orcid.org/0000-0001-9467-3975,https://scholar.google.com.ua/citations?hl=uk&user=7lM_eJQAAAAJ,,,https://www.kspu.edu/About/Faculty/FElementaryEdu/ChairPedagogics/Staff.aspx
T-D011-8425958A,АНДРІЄВСЬКИЙ БОРИС МАКІЙОВИЧ,D011,Професор кафедри,Доктор педагогічних наук,Професор,,,,,https://www.kspu.edu/About/Faculty/FElementaryEdu/ChairPedagogics/Staff.aspx
T-D011-81BDD755,ВЛАДИМИРОВА АЛЛА ЛЕОНІДІВНА,D011,Завідувач кафедри,Кандидат педагогічних наук,Доцент,,https://scholar.google.ru/citations?view_op=list_works&hl=ru&authuser=3&user=UrDinwoAAAAJ,,,https://www.kspu.edu/About/Faculty/FElementaryEdu/ChairPedagogics/Staff.aspx
T-D011-6CEF8393,ВОРОПАЙ НАТАЛІЯ АНАТОЛІЇВНА,D011,Завідувач кафедри,Кандидатка педагогічних наук,Доцент,,https://scholar.google.com.ua/citations?user=3u0tKNwAAAAJ&hl=ru,https://www.scopus.com/authid/detail.uri?authorId=57383552100&origin=recordpage,,https://www.kspu.edu/About/Faculty/FElementaryEdu/ChairPedagogics/Staff.aspx
T-D011-86B4DA02,ГОРЛОВА АНАСТАСІЯ ВАСИЛІВНА,D011,Доцент кафедри,,Доцент,,https://scholar.google.ru/citations?hl=ru&user=QmD7CYMAAAAJ,,,https://www.kspu.edu/About/Faculty/FElementaryEdu/ChairPedagogics/Staff.aspx
T-D011-6601D3D9,ГРИЦЕНКО ІРИНА ВАЛЕНТИНІВНА,D011,Доцент кафедри,Кандидат педагогічних наук,Доцент,,https://scholar.google.com.ua/citations?hl=uk&user=Y_sOV0MAAAAJ,,,https://www.kspu.edu/About/Faculty/FElementaryEdu/ChairPedagogics/Staff.aspx
T-D011-A52200DF,ДЕНИСЕНКО ВЕРОНІКА ВЯЧЕСЛАВІВНА,D011,Доцент кафедри,Кандидат педагогічних наук,Доцент,,https://scholar.google.com.ua/citations?view_op=list_works&hl=uk&user=6LHdoXIAAAAJ,,,https://www.kspu.edu/About/Faculty/FElementaryEdu/ChairPedagogics/Staff.aspx
T-D011-4443BB74,КАЗАННІКОВА ОЛЕНА ВАСИЛІВНА,D011,Доцент кафедри,Кандидат психологічних наук,Доцент,https://orcid.org/0000-0002-7207-3749,https://scholar.google.com.ua/citations?user=41xmxbQAAAAJ&hl=uk&authuser=1,,,https://www.kspu.edu/About/Faculty/FElementaryEdu/ChairPedagogics/Staff.aspx
T-D011-4E86DF95,КОЗЯН РОМАН МИХАЙЛОВИЧ,D011,Завідувач кафедри,Кандидат педагогічних наук,Доцент,,,https://www.scopus.com/authid/detail.uri?authorId=57210103946&amp;eid=2-s2.0-85069534891,,https://www.kspu.edu/About/Faculty/FElementaryEdu/ChairPedagogics/Staff.aspx
T-D011-2E4561F5,ПЕТУХОВА ЛЮБОВ ЄВГЕНІЇВНА,D011,Професор кафедри,Доктор педагогічних наук,Професор,,https://scholar.google.com.ua/citations?user=1VSCM78AAAAJ&hl=ru,https://www.scopus.com/authid/detail.uri?authorId=56290142800,,https://www.kspu.edu/About/Faculty/FElementaryEdu/ChairPedagogics/Staff.aspx
T-D011-CF7D1EA7,ЮРЧУК ЮРІЙ ЮРІЙОВИЧ,D011,Викладач,,Викладач,,https://scholar.google.com.ua/citations?user=iQzwBw8AAAAJ&hl=uk,,,https://www.kspu.edu/About/Faculty/FElementaryEdu/ChairPedagogics/Staff.aspx
T-D012-18659850,БАЛЬОХА АЛЬОНА СЕРГІЇВНА,D012,Доцент кафедри,Кандидатка педагогічних наук,Доцент,,https://scholar.google.com.ua/citations?hl=ru&user=1xiGdz4AAAAJ,,,https://www.kspu.edu/About/Faculty/FElementaryEdu/ChairPhilology/Staff.aspx
T-D012-F1F117E9,БОРИСЕНКО НАТАЛІЯ МИХАЙЛІВНА,D012,Доцент кафедри,Кандидатка педагогічних наук,Доцент,,https://scholar.google.com.ua/citations?view_op=list_works&hl=ru&user=Fga00r4AAAAJ,,,https://www.kspu.edu/About/Faculty/FElementaryEdu/ChairPhilology/Staff.aspx
T-D012-2575591F,ВАЛУЄВА ІЯ ВІКТОРІВНА,D012,Доцент кафедри,Кандидатка філологічних наук,Доцент,,https://scholar.google.com.ua/citations?hl=uk&user=qRh3HYkAAAAJ,,,https://www.kspu.edu/About/Faculty/FElementaryEdu/ChairPhilology/Staff.aspx
T-D012-83AA16B9,МИРОНЕНКО ОКСАНА ВАСИЛІВНА,D012,Доцент кафедри,Кандидатка філологічних наук,Доцент,,http://scholar.google.com.ua/citations?user=Kd_tPsIAAAAJ&hl=ru,,,https://www.kspu.edu/About/Faculty/FElementaryEdu/ChairPhilology/Staff.aspx
T-D012-B99F6A8A,МОРОЗОВА ЄВГЕНІЯ ЮРІЇВНА,D012,Викладач,,Викладач,,,,,https://www.kspu.edu/About/Faculty/FElementaryEdu/ChairPhilology/Staff.aspx
T-D012-502A8C25,МОСКОВА ТЕТЯНА МИКОЛАЇВНА,D012,Старший викладач,,Старший викладач,,,,,https://www.kspu.edu/About/Faculty/FElementaryEdu/ChairPhilology/Staff.aspx
T-D012-FA45373A,РАЄВСЬКА ІРИНА МИКОЛАЇВНА,D012,Доцент кафедри,Кандидатка педагогічних наук,Доцент,,https://scholar.google.com.ua/citations?user=RIZmgNkAAAAJ&hl=uk&authuser=1,,,https://www.kspu.edu/About/Faculty/FElementaryEdu/ChairPhilology/Staff.aspx
T-D012-9DA0B81F,САГАН ОЛЕНА ВАЛЕРІЇВНА,D012,Доцент кафедри,Кандидатка педагогічних наук,Доцент,,https://scholar.google.com.ua/citations?hl=ru&user=no6MXW8AAAAJ,,,https://www.kspu.edu/About/Faculty/FElementaryEdu/ChairPhilology/Staff.aspx
T-D012-68139E29,СИДОРЕНКО НАТАЛІЯ ІВАНІВНА,D012,Доцент кафедри,Кандидатка філологічних наук,Доцент,,https://scholar.google.com.ua/citations?hl=uk&user=RALwxDAAAAAJ,,,https://www.kspu.edu/About/Faculty/FElementaryEdu/ChairPhilology/Staff.aspx
T-D012-06052ED2,ЧАБАН ОЛЕНА ВІКТОРІВНА,D012,Доцент кафедри,Кандидатка педагогічних наук,Доцент,,https://scholar.google.com.ua/citations?hl=ru&user=BTpaMq0AAAAJ,,,https://www.kspu.edu/About/Faculty/FElementaryEdu/ChairPhilology/Staff.aspx
T-D012-007DC349,ШВЕЦЬ ТЕТЯНА АНАТОЛІЇВНА,D012,Доцент кафедри,Кандидатка педагогічних наук,Доцент,,https://scholar.google.com.ua/citations?user=MgTnYVgAAAAJ&hl=uk,,,https://www.kspu.edu/About/Faculty/FElementaryEdu/ChairPhilology/Staff.aspx
T-D013-AD930307,Дрозд Лідія Вікторівна,D013,Старший викладач,Кандидатка психологічних наук,Старший викладач,http://orcid.org/0000-0001-5406-2942,https://scholar.google.com.ua/citations?user=kvsYwaEAAAAJ&hl,,https://www.webofscience.com/wos/author/record/P-1349-2017,https://www.kspu.edu/About/Faculty/FElementaryEdu/ChairCorrectingEdu/Staff.aspx
T-D013-A7D528A2,Кабельнікова Наталія Володимирівна,D013,Завідувач кафедри,Кандидатка педагогічних наук,Професор,https://orcid.org/0000-0002-5236-2033,https://scholar.google.com/citations?user=v3N7010AAAAJ&hl=en,https://www.scopus.com/authid/detail.uri?authorId=57226671189,https://www.webofscience.com/wos/author/record/HLW-6098-2023,https://www.kspu.edu/About/Faculty/FElementaryEdu/ChairCorrectingEdu/Staff.aspx
T-D013-BB2054B4,Ляшко Віра Віталіївна,D013,Завідувач кафедри,Кандидатка психологічних наук,Доцент,,https://scholar.google.com.ua/citations?user=yNuMbRsAAAAJ&hl=uk,https://www.scopus.com/authid/detail.uri?authorId=57424312700,https://www.webofscience.com/wos/author/record/GLT-6336-2022,https://www.kspu.edu/About/Faculty/FElementaryEdu/ChairCorrectingEdu/Staff.aspx
T-D013-335B1A50,Меліхова Валерія Валеріївна,D013,Доцент кафедри,Кандидатка педагогічних наук,Доцент,,,,,https://www.kspu.edu/About/Faculty/FElementaryEdu/ChairCorrectingEdu/Staff.aspx
T-D014-AA4C496A,БЛАХ ВАЛЕРІЯ СЕРГІЇВНА,D014,Доцент кафедри,Кандидат педагогічних наук,Доцент,https://orcid.org/0000-0001-6349-1183,https://scholar.google.com.ua/citations?hl=ru&user=zF30QIAAAAAJ,https://www.scopus.com/authid/detail.uri?authorId=57216948780,,https://www.kspu.edu/About/Faculty/FElementaryEdu/ChairPedagPsychology/Staff.aspx
T-D014-F54BC918,БУТЕНКО НАТАЛІЯ ІВАНІВНА,D014,Доцент кафедри,Кандидат педагогічних наук,Доцент,https://orcid.org/0000-0003-3039-0946,https://scholar.google.com.ua/citations?hl=ru&user=_dc4VYkAAAAJ,,,https://www.kspu.edu/About/Faculty/FElementaryEdu/ChairPedagPsychology/Staff.aspx
T-D014-1E2CD2B3,ПЕРМІНОВА ЛЮДМИЛА АРКАДІЇВНА,D014,Професор кафедри,Кандидат педагогічних наук,Професор,https://orcid.org/0000-0002-6818-3179,https://scholar.google.com.ua/citations?hl=ru&user=fqfbAzYAAAAJ,https://www.scopus.com/authid/detail.uri?authorId=57209851965,,https://www.kspu.edu/About/Faculty/FElementaryEdu/ChairPedagPsychology/Staff.aspx
T-D014-1BC6C2F5,СЛЮСАРЕНКО НІНА ВІТАЛІЇВНА,D014,Професор кафедри,Доктор педагогічних наук,Професор,https://orcid.org/0000-0002-9215-5936,https://scholar.google.com.ua/citations?hl=ru&user=0oylzzkAAAAJ,https://www.scopus.com/authid/detail.uri?authorId=57210892791,,https://www.kspu.edu/About/Faculty/FElementaryEdu/ChairPedagPsychology/Staff.aspx
T-D014-762C6E43,ФЕДЯЄВА ВАЛЕНТИНА ЛЕОНІДІВНА,D014,Професор кафедри,Доктор педагогічних наук,Професор,https://orcid.org/0000-0002-8658-1875,https://scholar.google.com.ua/citations?user=Vyv4yx8AAAAJ&hl=uk,,,https://www.kspu.edu/About/Faculty/FElementaryEdu/ChairPedagPsychology/Staff.aspx
T-D014-348C8BDF,ФОМІНА ІРИНА СЕРГІЇВНА,D014,Старший викладач,Кандидат психологічних наук,Старший викладач,https://orcid.org/0000-0002-3279-5245,https://scholar.google.com.ua/citations?hl=ru&user=CImlrIAAAAAJ,,,https://www.kspu.edu/About/Faculty/FElementaryEdu/ChairPedagPsychology/Staff.aspx
T-D014-0A95B2F1,ЮРКОВА ТЕТЯНА ФЕДОРІВНА,D014,Доцент кафедри,Кандидат педагогічних наук,Доцент,https://orcid.org/0000-0002-4879-1337,https://scholar.google.com.ua/citations?hl=ru&user=YqbhHwsAAAAJ,,,https://www.kspu.edu/About/Faculty/FElementaryEdu/ChairPedagPsychology/Staff.aspx
T-D015-0E8CE573,БЕСЧАСНИЙ СЕРГІЙ ПАВЛОВИЧ,D015,Доцент кафедри,,Доцент,https://orcid.org/0000-0002-7423-4112,https://scholar.google.com.ua/citations?hl=ru&user=IRNZUHEAAAAJ,https://www.scopus.com/authid/detail.uri?authorId=56380602500,,https://www.kspu.edu/About/Faculty/Medicine/DepartmentOfMedicine.aspx
T-D015-010A813F,ГОЛОВЧЕНКО ІГОР ВАЛЕНТИНОВИЧ,D015,Доцент кафедри,Кандидат біологічних наук,Доцент,https://orcid.org/0000-0003-2153-2367,https://scholar.google.com.ua/citations?hl=ru&user=hNpHfHEAAAAJ,https://www.scopus.com/authid/detail.uri?authorId=57130603400,https://www.webofscience.com/wos/author/record/AAN-9302-2020,https://www.kspu.edu/About/Faculty/Medicine/DepartmentOfMedicine.aspx
T-D015-400BE319,ГРИГУРКО ДАРІЯ ОЛЕКСАНДРІВНА,D015,Доцент кафедри,Кандидат медичних наук,Доцент,https://orcid.org/0000-0002-9677-6166,https://scholar.google.com.ua/citations?hl=ru&user=dSqpcIAAAAAJ,,https://www.webofscience.com/wos/author/record/AGK-4451-2022,https://www.kspu.edu/About/Faculty/Medicine/DepartmentOfMedicine.aspx
T-D015-B6DA319F,ДОЛЖИКОВА ОЛЕНА ВІКТОРІВНА,D015,Професор кафедри,Докторка фармацевтичних наук,Професор,https://orcid.org/0000-0002-1660-4613,https://scholar.google.com.ua/citations?user=RaXQgq8AAAAJ&hl=uk,https://www.scopus.com/authid/detail.uri?authorId=35195584400,https://www.webofscience.com/wos/author/record/HHM-2135-2022,https://www.kspu.edu/About/Faculty/Medicine/DepartmentOfMedicine.aspx
T-D015-0BCD297C,ДУМЕНКО ОКСАНА МИКОЛАЇВНА,D015,Викладач,,Викладач,,,,,https://www.kspu.edu/About/Faculty/Medicine/DepartmentOfMedicine.aspx
T-D015-B8B26E36,КРАВЧЕНКО ОЛЬГА ВІТАЛІЇВНА,D015,Викладач,,Викладач,https://orcid.org/my-orcid?orcid=0000-0002-2562-7497,,,,https://www.kspu.edu/About/Faculty/Medicine/DepartmentOfMedicine.aspx
T-D015-56A5228E,МАРТИНОВ ДМИТРО ВАЛЕРІЙОВИЧ,D015,Викладач,,Викладач,,,,,https://www.kspu.edu/About/Faculty/Medicine/DepartmentOfMedicine.aspx
T-D015-ACC43587,ПАВЛОВА ОЛЕНА ОЛЕКСІЇВНА,D015,Професор кафедри,,Професор,https://orcid.org/0000-0002-0570-3931,https://scholar.google.com/citations?hl=ru&user=cSQ2TgIAAAAJ&view_op=list_works&sortby=pubdate,https://www.scopus.com/authid/detail.uri?authorId=57211793452,https://www.webofscience.com/wos/author/record/V-7307-2018,https://www.kspu.edu/About/Faculty/Medicine/DepartmentOfMedicine.aspx
T-D015-1ADEEE4A,СОЛОНА ЮЛІЯ ОЛЕКСАНДРІВНА,D015,Старший викладач,,Старший викладач,https://orcid.org/my-orcid?orcid=0000-0001-5181-8177,https://scholar.google.com.ua/citations?hl=ru&user=aBSnNVoAAAAJ,,https://www.webofscience.com/wos/?mode=Nextgen&path=%2Fwos%2Fauthor%2Frid%2FAAD-8774-2021&IsProductCode=Yes&Init=Yes&DestApp=UA&Func=Frame&action=transfer&SrcApp=CR&SID=EUW1ED0CB7jh4RK1cBHxGzGKwdUij,https://www.kspu.edu/About/Faculty/Medicine/DepartmentOfMedicine.aspx
T-D015-334B308C,СТЕПАНЕНКО ОЛЕКСАНДР ЮРІЙОВИЧ,D015,Професор кафедри,Доктор медичних наук,Професор,https://orcid.org/0000-0002-5686-0857,,https://www.scopus.com/authid/detail.uri?authorId=56571298100,https://www.webofscience.com/wos/author/record/AAH-2178-2020,https://www.kspu.edu/About/Faculty/Medicine/DepartmentOfMedicine.aspx
T-D015-BF128E65,ТАРАСЕНКО ОЛЕГ МИКОЛАЙОВИЧ,D015,Професор кафедри,Доктор медичних наук,Професор,https://orcid.org/0000-0001-9152-179X,https://scholar.google.com.ua/citations?user=HMeUMMMAAAAJ&hl=uk,,,https://www.kspu.edu/About/Faculty/Medicine/DepartmentOfMedicine.aspx
T-D015-7EE8CF4D,ТАРАСЕНКО ТЕТЯНА МИКОЛАЇВНА,D015,Доцент кафедри,Кандидатка медичних наук,Доцент,https://orcid.org/0000-0002-9142-3492,https://scholar.google.com/citations?user=FT7vh6QAAAAJ&hl=uk,,https://www.webofscience.com/wos/author/record/16491522,https://www.kspu.edu/About/Faculty/Medicine/DepartmentOfMedicine.aspx
T-D015-EBCAB257,ТАРАСЕНКО ЯНА АЛЬБЕРТІВНА,D015,Доцент кафедри,,Доцент,https://orcid.org/0000-0003-2296-9464,https://scholar.google.com.ua/citations?hl=uk&view_op=list_works&gmla=AJsN-F5eumUwfi-qoEpAuxbW5eO49q3_pfei68zsWcZcmjFNZbRS3q1FzvP8Mgo2kiXrjEZNeFt2uPEwqHB3L5ZfdRiGZkrIkQJBRRdYrA_m6zCSreydf8BZvVjGdTpE_Uqbx48CcIse&user=b6xD7SgAAAAJ,https://www.scopus.com/authid/detail.uri?authorId=60150662000&origin=recordpage,,https://www.kspu.edu/About/Faculty/Medicine/DepartmentOfMedicine.aspx
T-D015-42A2CB5D,ШКУРОПАТ АНАСТАСІЯ ВІКТОРІВНА,D015,Доцент кафедри,,Доцент,https://orcid.org/0000-0001-6410-8588,https://scholar.google.com.ua/citations?hl=ru&user=ac_CDw8AAAAJ,https://www.scopus.com/authid/detail.uri?authorId=36572469000,,https://www.kspu.edu/About/Faculty/Medicine/DepartmentOfMedicine.aspx
T-D015-8005C00C,ЯЩИШИН ЗИНОВІЙ МИКОЛАЙОВИЧ,D015,Доцент кафедри,,Доцент,https://orcid.org/0000-0001-8672-1797,,https://www.scopus.com/authid/detail.uri?authorId=58295186500,https://www.webofscience.com/wos/author/record/PFR-4828-2026,https://www.kspu.edu/About/Faculty/Medicine/DepartmentOfMedicine.aspx
T-D016-B2C181E1,Баєв Олексій Олександрович,D016,Старший викладач,Кандидат фармацевтичних наук,Старший викладач,,https://scholar.google.com.ua/citations?hl=ru&user=C7U0Sv0AAAAJ,,,https://www.kspu.edu/About/Faculty/Medicine/ChairChemistryFarmacy.aspx?lang=uk
T-D016-D00FF504,Близнюк Валерій Миколайович,D016,Професор кафедри,Доктор хімічних наук,Професор,https://orcid.org/0000-0002-3883-6941,https://scholar.google.com.ua/citations?hl=ru&user=uhnqvGgAAAAJ,https://www.scopus.com/authid/detail.uri?authorId=7006587198,https://www.webofscience.com/wos/author/record/FQH-1836-2022,https://www.kspu.edu/About/Faculty/Medicine/ChairChemistryFarmacy.aspx?lang=uk
T-D016-1DB6BB49,Богуцька Олена Євгенівна,D016,Доцент кафедри,Кандидатка фармацевтичних наук,Доцент,https://orcid.org/0000-0002-8033-1576,https://scholar.google.com.ua/citations?hl=ru&user=S8bGjE8AAAAJ,https://www.scopus.com/authid/detail.uri?authorId=57711808800,,https://www.kspu.edu/About/Faculty/Medicine/ChairChemistryFarmacy.aspx?lang=uk
T-D016-61F5CACF,Волкова Світлана Андріївна,D016,Доцент кафедри,Кандидатка хімічних наук,Доцент,,https://scholar.google.com.ua/citations?hl=ru&user=HTaM8akAAAAJ,https://www.scopus.com/authid/detail.uri?authorId=7004659450,,https://www.kspu.edu/About/Faculty/Medicine/ChairChemistryFarmacy.aspx?lang=uk
T-D016-DA5C75DB,Пилипчук Людмила Львівна,D016,Доцент кафедри,Кандидатка біологічних наук,Доцент,https://orcid.org/0000-0002-0644-0635,https://scholar.google.com.ua/citations?hl=ru&user=ZwZ8-nwAAAAJ,https://www.scopus.com/authid/detail.uri?authorId=55975791000,,https://www.kspu.edu/About/Faculty/Medicine/ChairChemistryFarmacy.aspx?lang=uk
T-D016-64BF3FB9,Попович Тетяна Анатоліївна,D016,Завідувачка кафедри,Кандидатка технічних наук,Доцентка,https://orcid.org/0000-0001-7449-9949,https://scholar.google.com.ua/citations?hl=ru&user=79q51_kAAAAJ,https://www.scopus.com/authid/detail.uri?authorId=57211424278,https://www.webofscience.com/wos/author/record/AAQ-2872-2020,https://www.kspu.edu/About/Faculty/Medicine/ChairChemistryFarmacy.aspx?lang=uk
T-D016-24E1540D,Решнова Світлана Федорівна,D016,Доцент кафедри,Кандидатка педагогічних наук,Доцент,https://orcid.org/0000-0002-9475-529x,https://scholar.google.com.ua/citations?hl=ru&user=vBv83pkAAAAJ,,,https://www.kspu.edu/About/Faculty/Medicine/ChairChemistryFarmacy.aspx?lang=uk
T-D016-F07EE930,Севастьянова Тетяна Вадимівна,D016,Доцент кафедри,Кандидатка медичних наук,Доцент,https://orcid.org/0000-0003-0890-4066,https://scholar.google.com.ua/citations?hl=uk&user=H2ANpFsAAAAJ,https://www.scopus.com/authid/detail.uri?authorId=57283391200,https://www.webofscience.com/wos/author/record/JVO-8541-2024,https://www.kspu.edu/About/Faculty/Medicine/ChairChemistryFarmacy.aspx?lang=uk
T-D016-C8FC927F,Сидоренко Олександр Вікторович,D016,Доцент кафедри,Кандидат фармацевтичних наук,Доцент,,https://scholar.google.com.ua/citations?hl=ru&user=zJviC5QAAAAJ,,,https://www.kspu.edu/About/Faculty/Medicine/ChairChemistryFarmacy.aspx?lang=uk
T-D017-5D8611FC,Васильєва Наталія Олегівна,D017,Доцент кафедри,Кандидатка біологічних наук,Доцент,,,,,https://www.kspu.edu/About/Faculty/Medicine/Ab.aspx
T-D017-7816E459,Верещакіна Вікторія Вікторівна,D017,Доцент кафедри,Кандидатка медичних наук,Доцент,,,,,https://www.kspu.edu/About/Faculty/Medicine/Ab.aspx
T-D017-FC5B4E02,Данильченко Світлана Іванівна,D017,Доцент кафедри,Кандидатка медичних наук,Доцент,,,,,https://www.kspu.edu/About/Faculty/Medicine/Ab.aspx
T-D017-D6395705,Козій Тетяна Петрівна,D017,Доцент кафедри,Кандидатка біологічних наук,Доцент,,,,,https://www.kspu.edu/About/Faculty/Medicine/Ab.aspx
T-D017-3B6341EE,Лаврикова Оксана Валентинівна,D017,Завідувач кафедри,Кандидатка біологічних наук,Професор,,,,,https://www.kspu.edu/About/Faculty/Medicine/Ab.aspx
T-D017-CDC3C8D2,Фурсенко Артемій Олександрович,D017,Викладач,,Викладач,,,,,https://www.kspu.edu/About/Faculty/Medicine/Ab.aspx
T-D018-453B3CF2,Білоус Руслана Миколаївна,D018,Доцент кафедри,Кандидатка психологічних наук,Доцент,,,,,https://www.kspu.edu/About/Faculty/IPHS/ChairGenSocialPsychology/Cadre.aspx
T-D018-0ACA6968,ГУРІЧ ВОЛОДИМИР ОЛЕКСІЙОВИЧ,D018,Завідувач кафедри,Докторка психологічних наук,Професор,,,,,https://www.kspu.edu/About/Faculty/IPHS/ChairGenSocialPsychology/Cadre.aspx
T-D018-C5749951,Дементьєва Капіталіна Георгіївна,D018,Доцент кафедри,Кандидатка психологічних наук,Доцент,,,,,https://www.kspu.edu/About/Faculty/IPHS/ChairGenSocialPsychology/Cadre.aspx
T-D018-53968B10,Мазуркевич Наталія Миколаївна,D018,Викладач,,,,,,,https://www.kspu.edu/About/Faculty/IPHS/ChairGenSocialPsychology/Cadre.aspx
T-D018-3F26EBB4,Попович Ігор Степанович,D018,Професор кафедри,Доктор психологічних наук,Професор,,,,,https://www.kspu.edu/About/Faculty/IPHS/ChairGenSocialPsychology/Cadre.aspx
T-D018-A69EB868,Тьор Лариса Вікторівна,D018,Доцент кафедри,Кандидатка психологічних наук,Доцент,,,,,https://www.kspu.edu/About/Faculty/IPHS/ChairGenSocialPsychology/Cadre.aspx
T-D019-40C076B6,ГУРІЧ ВОЛОДИМИР ОЛЕКСІЙОВИЧ,D019,Доцент кафедри,Кандидат педагогічних наук,Доцент,https://orcid.org/0000-0002-9283-8534,https://scholar.google.com.ua/citations?hl=ru&imq=%D0%93%D1%83%D1%80%D1%96%D1%87+%D0%92%D0%9E&user=jv1eEBkAAAAJ,,,https://www.kspu.edu/About/Faculty/IPHS/ChairSocialWork/Staff_of_the_department.aspx
T-D019-4A9E377B,Костючков Сергій Карпович,D019,Професор кафедри,Доктор філософських наук,Професор,https://orcid.org/0000-0003-1708-643X,https://scholar.google.com.ua/citations?hl=ru&user=3tgiKPUAAAAJ,,,https://www.kspu.edu/About/Faculty/IPHS/ChairSocialWork/Staff_of_the_department.aspx
T-D019-48CDA9A8,МАРТИНЕНКО СНІЖАНА ОЛЕКСАНДРІВНА,D019,Викладач,,Викладач,https://orcid.org/0000-0002-8120-8959,https://scholar.google.com.ua/citations?hl=ru&user=DMF33iQAAAAJ,,,https://www.kspu.edu/About/Faculty/IPHS/ChairSocialWork/Staff_of_the_department.aspx
T-D019-9B6523E7,ЧЕРКАШИНА ТЕТЯНА ОЛЕКСАНДРІВНА,D019,Доцент кафедри,Кандидатка соціологічних наук,Доцент,,https://scholar.google.com.ua/citations?hl=uk&user=Tsr07mQAAAAJ,,,https://www.kspu.edu/About/Faculty/IPHS/ChairSocialWork/Staff_of_the_department.aspx
T-D019-B78128DD,ШАПОШНИКОВА ІРИНА ВАСИЛІВНА,D019,Професор кафедри,Докторка соціологічних наук,Професор,https://orcid.org/0000-0002-3897-7947,https://scholar.google.com.ua/citations?hl=ru&user=8wociCcAAAAJ,https://www.scopus.com/authid/detail.uri?authorId=56069527900,,https://www.kspu.edu/About/Faculty/IPHS/ChairSocialWork/Staff_of_the_department.aspx
T-D019-B86823CF,ШВЕЦЬ ТЕТЯНА МИХАЙЛІВНА,D019,Доцент кафедри,Кандидат педагогічних наук,Доцент,https://orcid.org/0000-0002-1796-3474,https://scholar.google.com.ua/citations?hl=ru&user=m4SNUtcAAAAJ,https://www.scopus.com/search/form.uri?display=basic,,https://www.kspu.edu/About/Faculty/IPHS/ChairSocialWork/Staff_of_the_department.aspx
T-D020-175E8506,Бойков Олег Юрійович,D020,Викладач,,,,,,,https://www.kspu.edu/About/Faculty/IPHS/ChairHistoryUkraine.aspx
T-D020-962776E3,Коновалова Ганна Василівна,D020,Професор кафедри,,Професор,,,,,https://www.kspu.edu/About/Faculty/IPHS/ChairHistoryUkraine.aspx
T-D020-0ECD232B,Мусійко Вікторія Вікторівна,D020,Викладач,,,,,,,https://www.kspu.edu/About/Faculty/IPHS/ChairHistoryUkraine.aspx
T-D021-C53CB287,Гоманюк Микола Анатолійович,D021,Доцент кафедри,Кандидат соціологічних наук,Доцент,https://orcid.org/0000-0002-9625-1968,https://scholar.google.com/citations?hl=en-US&user=rhoMHHsAAAAJ,,,https://www.kspu.edu/About/Faculty/Faculty_of_biolog_geograf_ecol/ChairEcoGeography/department.aspx
T-D021-8FF00932,Давидов Олексій Віталійович,D021,Доцент кафедри,Кандидат географічних наук,Доцент,https://orcid.org/0000-0003-2144-9627,https://scholar.google.com.ua/citations?user=nKIkWvsAAAAJ&hl=uk,https://www.scopus.com/authid/detail.uri?authorId=57205169882,,https://www.kspu.edu/About/Faculty/Faculty_of_biolog_geograf_ecol/ChairEcoGeography/department.aspx
T-D021-72A830DF,Дайнеко Поліна Михайлівна,D021,Асистент,Phd (докторка філософії) біологія асистентка кафедри коло наукових інтересів: комплексне збереження біорізноманіття городищ нижнього придніпров’я; заповідна справа; історична екологія googlescholar: researchgate: orcid id:,Асистент,https://orcid.org/0000-0002-8680-9809,https://scholar.google.com.ua/citations?user=P1wJCZ0AAAAJ&hl=ru,,,https://www.kspu.edu/About/Faculty/Faculty_of_biolog_geograf_ecol/ChairEcoGeography/department.aspx
T-D021-6439107E,Котовський Ігор Миколайович,D021,Доцент кафедри,Кандидат географічних наук,Доцент,https://orcid.org/0000-0001-9568-2654,https://scholar.google.com.ua/citations?hl=uk&user=2dD3B7UAAAAJ,,,https://www.kspu.edu/About/Faculty/Faculty_of_biolog_geograf_ecol/ChairEcoGeography/department.aspx
T-D021-D7266DB4,Мальчикова Дар'я Сергіївна,D021,Професор кафедри,Доктор географічних наук,Професор,https://orcid.org/0000-0002-7197-8722,https://scholar.google.com/citations?user=gtGlkZUAAAAJ&hl=en,https://www.scopus.com/authid/detail.uri?authorId=57205164678,,https://www.kspu.edu/About/Faculty/Faculty_of_biolog_geograf_ecol/ChairEcoGeography/department.aspx
T-D021-63AFCCE0,Молікевич Роман Сергійович,D021,Завідувач кафедри,Кандидат географічних наук,Доцент,https://orcid.org/0000-0002-6577-503X,https://scholar.google.com.ua/citations?hl=uk&user=m1XjaO8AAAAJ,https://www.scopus.com/authid/detail.uri?authorId=57205161958&amp;eid=2-s2.0-85058890097,,https://www.kspu.edu/About/Faculty/Faculty_of_biolog_geograf_ecol/ChairEcoGeography/department.aspx
T-D021-01B66A14,Нападовська Ганна Юріївна,D021,Асистент,,Асистент,https://orcid.org/0000-0003-0243-0453,https://scholar.google.com/citations?user=WmSnZXAAAAAJ&hl=en,https://www.scopus.com/authid/detail.uri?authorId=57205169351&amp;eid=2-s2.0-85058890097,,https://www.kspu.edu/About/Faculty/Faculty_of_biolog_geograf_ecol/ChairEcoGeography/department.aspx
T-D021-E7CE0CD2,Омельченко Наталя В'ячеславівна,D021,Старший викладач,Кандидат географічних наук,Старший викладач,https://orcid.org/0000-0002-8067-9433,https://scholar.google.com/citations?user=2kPUMYcAAAAJ&hl=en,https://www.scopus.com/authid/detail.uri?authorId=57190441722&amp;eid=2-s2.0-85058890097,,https://www.kspu.edu/About/Faculty/Faculty_of_biolog_geograf_ecol/ChairEcoGeography/department.aspx
T-D021-42B03D23,П'яткова Алла Вікторівна,D021,Доцент кафедри,Кандидат географічних наук,Доцент,https://orcid.org/0000-0001-8349-105X,https://scholar.google.com/citations?user=Y1yQ1PYAAAAJ,https://www.scopus.com/authid/detail.uri?authorId=58723888000,https://www.webofscience.com/wos/author/record/AAB-8598-2019,https://www.kspu.edu/About/Faculty/Faculty_of_biolog_geograf_ecol/ChairEcoGeography/department.aspx
T-D021-8DE17DAE,Пилипенко Ігор Олегович,D021,Професор кафедри,Доктор географічних наук,Професор,http://orcid.org/0000-0001-6640-1163,https://scholar.google.com.ua/citations?user=sVNLaD0AAAAJ&hl=ru,https://www.scopus.com/authid/detail.uri?authorId=57205171489%20,,https://www.kspu.edu/About/Faculty/Faculty_of_biolog_geograf_ecol/ChairEcoGeography/department.aspx
T-D021-A216ECA8,Сараненко Інна Іванівна,D021,Доцент кафедри,Кандидат біологічних наук,Доцент,http://orcid.org/0000-0002-6152-7290,https://scholar.google.com.ua/citations?hl=uk&user=GWSD1BgAAAAJ&view_op=list,https://www.scopus.com/authid/detail.uri?authorId=56716458300,,https://www.kspu.edu/About/Faculty/Faculty_of_biolog_geograf_ecol/ChairEcoGeography/department.aspx
T-D021-797DBB16,Саркісов Аршавір Юрійович,D021,Доцент кафедри,Кандидат географічних наук,Доцент,https://orcid.org/0000-0002-6806-5236,https://scholar.google.com.ua/citations?user=LD98hkgAAAAJ&hl=uk,https://www.scopus.com/authid/detail.uri?authorId=57205170003&amp;eid=2-s2.0-85058895677,,https://www.kspu.edu/About/Faculty/Faculty_of_biolog_geograf_ecol/ChairEcoGeography/department.aspx
T-D021-110A20E6,Сімченко Сергій Валентинович,D021,Асистент,,Асистент,https://orcid.org/0000-0003-4973-2301,https://scholar.google.com.ua/citations?user=V1vtedUAAAAJ&hl=uk&oi=sra,https://www.scopus.com/authid/detail.uri?origin=AuthorProfile&authorId=57211374516,,https://www.kspu.edu/About/Faculty/Faculty_of_biolog_geograf_ecol/ChairEcoGeography/department.aspx
T-D021-B7B3B31D,Шахман Ірина Олександрівна,D021,Доцент кафедри,Кандидат географічних наук,Доцент,http://orcid.org/0000-0001-6204-4410,https://scholar.google.com.ua/citations?user=xYyq9aQAAAAJ&hl=ru,https://www.scopus.com/authid/detail.uri?authorId=57198424698,,https://www.kspu.edu/About/Faculty/Faculty_of_biolog_geograf_ecol/ChairEcoGeography/department.aspx
T-D022-F2EA98F2,Бесчасний Сергій Павлович,D022,Доцент кафедри,Кандидат біологічних наук,Доцент,,,,,https://www.kspu.edu/About/Faculty/Medicine/DepartmentOfMedicine.aspx
T-D022-1AAB2968,Гасюк Олена Миколаївна,D022,Завідувачка кафедри,Кандидатка біологічних наук,Доцентка,https://orcid.org/0000-0003-1055-2848,https://scholar.google.com.ua/citations?hl=ru&user=DnToaW0AAAAJ,https://www.scopus.com/authid/detail.uri?authorId=56380597000,https://app.webofknowledge.com/author/#/record/13883535,https://www.kspu.edu/About/Faculty/Faculty_of_biolog_geograf_ecol/DepartmentofHumanBiologyandImmunology/Human_resource_staff.aspx?lang=uk
T-D022-04C81999,Головченко Ігор Валентинович,D022,Доцент кафедри,Кандидат біологічних наук,Доцент,,,,,https://www.kspu.edu/About/Faculty/Medicine/DepartmentOfMedicine.aspx
T-D022-B07FF264,Спринь Олександр Борисович,D022,Доцент кафедри,Кандидат біологічних наук,Доцент,,,,,https://www.kspu.edu/About/Faculty/Faculty_of_biolog_geograf_ecol/DepartmentofHumanBiologyandImmunology/Human_resource_staff.aspx?lang=uk
T-D022-A9A50F9F,Швець Віта Андріївна,D022,Старший викладач,,Старший викладач,https://orcid.org/0000-0003-0487-4349,https://scholar.google.com.ua/citations?hl=ru&user=tXcBso0AAAAJ,https://www.scopus.com/authid/detail.uri?authorId=57221103740,,https://www.kspu.edu/About/Faculty/Faculty_of_biolog_geograf_ecol/DepartmentofHumanBiologyandImmunology/Human_resource_staff.aspx?lang=uk
T-D023-1AAF0C2F,Дармостук Валерій Вікторович,D023,Викладач,Доктор філософії) біологія викладач кафедри ботаніки,Викладач,,,,,https://www.kspu.edu/About/Faculty/Faculty_of_biolog_geograf_ecol/ChairBotany/ChairBotany_Kadry.aspx
T-D023-6DE33AF7,Карташова Ірина Іванівна,D023,Доцент кафедри,Кандидатка педагогічних наук,Доцент,https://orcid.org/0000-0001-6552-3636,https://scholar.google.com/citations?user=OYVf4HYAAAAJ&hl=ru,,,https://www.kspu.edu/About/Faculty/Faculty_of_biolog_geograf_ecol/ChairBotany/ChairBotany_Kadry.aspx
T-D023-396488ED,Мельник Руслана Петрівна,D023,Завідувач кафедри,Кандидатка біологічних наук,Доцент,https://orcid.org/my-orcid?orcid=0000-0003-3773-4705,https://scholar.google.ru/citations?hl=ru&user=LC8izt8AAAAJ,https://www.scopus.com/authid/detail.uri?authorId=57218830232,https://www.webofscience.com/wos/author/record/1613272,https://www.kspu.edu/About/Faculty/Faculty_of_biolog_geograf_ecol/ChairBotany/ChairBotany_Kadry.aspx
T-D023-225BBE3E,Мойсієнко Іван Іванович,D023,Завідувач кафедри,Доктор біологічних наук,Професор,,,,,https://www.kspu.edu/About/Faculty/Faculty_of_biolog_geograf_ecol/ChairBotany/ChairBotany_Kadry.aspx
T-D023-C7DC43CF,Ходосовцев Олександр Євгенович,D023,Професор кафедри,Доктор біологічних наук,Професор,,,,,https://www.kspu.edu/About/Faculty/Faculty_of_biolog_geograf_ecol/ChairBotany/ChairBotany_Kadry.aspx
T-D024-AAD916D4,Базилевич Наталія Вікторівна,D024,Професор кафедри,Кандидатка філологічних наук,Професор,https://orcid.org/0000-0002-5800-4915%20,https://scholar.google.com/citations?user=FwLE2jgAAAAJ&hl=en,https://www.scopus.com/authid/detail.uri?authorId=57413612700,,https://www.kspu.edu/About/Faculty/IUkrForeignPhilology/ChairTranslation/Staff.aspx
T-D024-246E3188,Барсук Світлана Леонідівна,D024,Викладач,,,,,,,https://www.kspu.edu/About/Faculty/IUkrForeignPhilology/ChairTranslation/Staff.aspx
T-D024-A7D7705B,Божко Олена Сергіївна,D024,Професор кафедри,Кандидат філологічних наук,Професор,,https://scholar.google.com.ua/citations?user=SgTpbVgAAAAJ&hl=ru,,,https://www.kspu.edu/About/Faculty/IUkrForeignPhilology/ChairTranslation/Staff.aspx
T-D024-40E1A0E3,Бєлєхова Лариса Іванівна,D024,Професор кафедри,Доктор філологічних наук,Професор,https://orcid.org/0000-0002-1743-1865,,,,https://www.kspu.edu/About/Faculty/IUkrForeignPhilology/ChairTranslation/Staff.aspx
T-D024-4BC71D67,Зуброва Ольга Андріївна,D024,Професор кафедри,Кандидатка педагогічних наук,Професор,orcid.org/0000-0001-6235-5227,https://scholar.google.com/citations?user=AMkqEJIAAAAJ&hl,,,https://www.kspu.edu/About/Faculty/IUkrForeignPhilology/ChairTranslation/Staff.aspx
T-D024-AC310F8D,Кузнецова Наталія Володимирівна,D024,Викладач,,,,,,,https://www.kspu.edu/About/Faculty/IUkrForeignPhilology/ChairTranslation/Staff.aspx
T-D024-4EF03222,Ленюк Наталія Михайлівна,D024,Викладач,,,,,,,https://www.kspu.edu/About/Faculty/IUkrForeignPhilology/ChairTranslation/Staff.aspx
T-D024-E84C4DA8,Ляшенко Уляна Ігоріївна,D024,Викладач,,,,,,,https://www.kspu.edu/About/Faculty/IUkrForeignPhilology/ChairTranslation/Staff.aspx
T-D024-70F356E7,Матвєєва Катерина Сергіївна,D024,Викладач,,,,,,,https://www.kspu.edu/About/Faculty/IUkrForeignPhilology/ChairTranslation/Staff.aspx
T-D024-5C99A0F4,Поторій Наталля Володимирівна,D024,Професор кафедри,Кандидатка філологічних наук,Професор,,,,,https://www.kspu.edu/About/Faculty/IUkrForeignPhilology/ChairTranslation/Staff.aspx
T-D024-45B24972,Поторій Наталія Володимирівна,D024,Доцент кафедри,Кандидатка філологічних наук,Доцент,https://orcid.org/0000-0002-4181-6829,https://scholar.google.com.ua/citations?user=i1H7DW4AAAAJ&amp;hl=uk&amp;oi=ao,,,https://www.kspu.edu/About/Faculty/IUkrForeignPhilology/ChairTranslation/Staff.aspx
T-D024-FF876BFE,Просяннікова Яна Миколаївна,D024,Професор кафедри,Кандидатка філологічних наук,Професор,,,,,https://www.kspu.edu/About/Faculty/IUkrForeignPhilology/ChairTranslation/Staff.aspx
T-D024-098C2C1E,Свиридов Олександр Федорович,D024,Професор кафедри,Кандидат філологічних наук,Професор,https://orcid.org/0000-0001-7724-663X,https://scholar.google.com.ua/citations?hl=uk&user=g6vzJWkAAAAJ,,,https://www.kspu.edu/About/Faculty/IUkrForeignPhilology/ChairTranslation/Staff.aspx
T-D024-BBFD49CF,Смутченко Ольга Сергіївна,D024,Викладач,Доктор філософії,,,,,,https://www.kspu.edu/About/Faculty/IUkrForeignPhilology/ChairTranslation/Staff.aspx
T-D024-EE99448E,Соловцова Ірина Віталіївна,D024,Викладач,,,https://orcid.org/0000-0002-1077-729X,https://scholar.google.com.ua/citations?user=AOvgLHwAAAAJ&hl=ru,,,https://www.kspu.edu/About/Faculty/IUkrForeignPhilology/ChairTranslation/Staff.aspx
T-D024-7AC58393,Співаковська Євгенія Олександрівна,D024,Професор кафедри,Докторка педагогічних наук,Професор,,,,,https://www.kspu.edu/About/Faculty/IUkrForeignPhilology/ChairTranslation/Staff.aspx
T-D024-3C392D45,Стодолінська Юлія Валеріївна,D024,Доцент кафедри,Кандидатка філологічних наук,Доцент,,,,,https://www.kspu.edu/About/Faculty/IUkrForeignPhilology/ChairTranslation/Staff.aspx
T-D024-4D4D4DFA,Ткаченко Людмила Леонідівна,D024,Професор кафедри,Кандидат філологічних наук,Професор,,https://scholar.google.com.ua/citations?user=4uSaONgAAAAJ&hl=uk,,,https://www.kspu.edu/About/Faculty/IUkrForeignPhilology/ChairTranslation/Staff.aspx
T-D024-599315C4,Федорова Юлія Геннадіївна,D024,Викладач,,,,,,,https://www.kspu.edu/About/Faculty/IUkrForeignPhilology/ChairTranslation/Staff.aspx
T-D024-8A6130E1,Французова Катерина Сергіївна,D024,Професор кафедри,Кандидатка філологічних наук,Професор,https://orcid.org/0000-0002-0959-2669,https://scholar.google.com.ua/citations?user=Ck3UXFcAAAAJ&hl=uk,,,https://www.kspu.edu/About/Faculty/IUkrForeignPhilology/ChairTranslation/Staff.aspx
T-D024-5EBAEADE,Хан Олена Георгіївна,D024,Професор кафедри,Кандидат філологічних наук,Професор,https://orcid.org/0000-0001-5971-2967,https://scholar.google.com.ua/citations?view_op=list_works&hl=ru&user=Uhl3pvIAAAAJ,,,https://www.kspu.edu/About/Faculty/IUkrForeignPhilology/ChairTranslation/Staff.aspx
T-D024-05952648,Цапів Алла Олексіївна,D024,Професор кафедри,Докторка філологічних наук,Професор,,,,,https://www.kspu.edu/About/Faculty/IUkrForeignPhilology/ChairTranslation/Staff.aspx
T-D025-BC6D8A7D,Голотюк Олена Володимирівна,D025,Доцент кафедри,Кандидат педагогічних наук,Доцент,,https://scholar.google.com.ua/citations?hl=ru&pli=1&user=XE5WpQMAAAAJ,,,https://www.kspu.edu/About/Faculty/IUkrForeignPhilology/ChairGermRomLan/TeachingStaff.aspx
T-D025-9748F395,Гончаренко Олена Миколаївна,D025,Доцент кафедри,,Доцент,https://orcid.org/0000-0003-3381-349X?lang=ru,https://scholar.google.com.ua/citations?hl=uk&user=LnobwPMAAAAJ,,,https://www.kspu.edu/About/Faculty/IUkrForeignPhilology/ChairGermRomLan/TeachingStaff.aspx
T-D025-7AF29FD1,Романова Наталя Василівна,D025,Завідувач кафедри,Доктор філологічних наук,Професор,,https://scholar.google.com.ua/citations?user=nrzATPoAAAAJ&hl=ru,,,https://www.kspu.edu/About/Faculty/IUkrForeignPhilology/ChairGermRomLan/TeachingStaff.aspx
T-D026-7202CBD4,БОНДАРЕНКО ЛІДІЯ ГРИГОРІВНА,D026,Доцент кафедри,Кандидат педагогічних наук,Доцент,https://orcid.org/0000-0002-8628-1418,https://scholar.google.com.ua/citations?user=bvUgAJEAAAAJ&hl=uk,,,https://www.kspu.edu/About/Faculty/IUkrForeignPhilology/IPhilologyJournalizm/Staff.aspx
T-D026-FFF182C8,ГАЙДАЄНКО ІРИНА ВАСИЛІВНА,D026,Доцент кафедри,Кандидат філологічних наук,Доцент,http://orcid.org/0000-0003-1401-7826,https://scholar.google.com/citations?view_op=list_works&hl=uk&user=gpLvD4AAAAAJ,,,https://www.kspu.edu/About/Faculty/IUkrForeignPhilology/IPhilologyJournalizm/Staff.aspx
T-D026-F09050D9,ЗАГОРОДНЮК ВАСИЛЬ СТЕПАНОВИЧ,D026,Доцент кафедри,Кандидат філологічних наук,Доцент,,https://scholar.google.com.ua/citations?user=PZ_22AkAAAAJ&hl,,,https://www.kspu.edu/About/Faculty/IUkrForeignPhilology/IPhilologyJournalizm/Staff.aspx
T-D026-470A4D04,КАРАБУТА ОЛЕНА ПАВЛІВНА,D026,Доцент кафедри,Кандидат філологічних наук,Доцент,,https://scholar.google.com.ua/citations?hl=uk&user=yQkEpI8AAAAJ,,,https://www.kspu.edu/About/Faculty/IUkrForeignPhilology/IPhilologyJournalizm/Staff.aspx
T-D026-327254CB,КЛИМОВИЧ СВІТЛАНА МИКОЛАЇВНА,D026,Завідувач кафедри,Кандидат філологічних наук,Доцент,,https://scholar.google.com.ua/citations?user=_qXT_VwAAAAJ&hl=uk&oi=ao%20,,,https://www.kspu.edu/About/Faculty/IUkrForeignPhilology/IPhilologyJournalizm/Staff.aspx
T-D026-CE2F4853,МАРТОС СВІТЛАНА АНДРІЇВНА,D026,Доцент кафедри,Кандидат філологічних наук,Доцент,,https://scholar.google.com.ua/citations?hl=uk&user=CzF-NpQAAAAJ,,,https://www.kspu.edu/About/Faculty/IUkrForeignPhilology/IPhilologyJournalizm/Staff.aspx
T-D026-EB97DB29,НЕМЧЕНКО ІВАН ВАСИЛЬОВИЧ,D026,Доцент кафедри,Кандидат філологічних наук,Доцент,https://orcid.org/0000-0003-3041-1313,https://scholar.google.com.ua/citations?user=NLabZrcAAAAJ&hl=uk,,,https://www.kspu.edu/About/Faculty/IUkrForeignPhilology/IPhilologyJournalizm/Staff.aspx
T-D026-3FFA6B51,ОЛЕКСЕНКО ВОЛОДИМИР ПАВЛОВИЧ,D026,Професор кафедри,Доктор філологічних наук,Професор,,https://scholar.google.com.ua/citations?hl=uk&user=NOsatoMAAAAJ,,,https://www.kspu.edu/About/Faculty/IUkrForeignPhilology/IPhilologyJournalizm/Staff.aspx
T-D026-4884A2C4,ОМЕЛЬЧУК СЕРГІЙ АРКАДІЙОВИЧ,D026,Професор кафедри,Доктор педагогічних наук,Професор,,https://scholar.google.com.ua/citations?user=-lejHNsAAAAJ&hl=uk,,,https://www.kspu.edu/About/Faculty/IUkrForeignPhilology/IPhilologyJournalizm/Staff.aspx
T-D026-94B26C57,ПЕНТИЛЮК МАРІЯ ІВАНІВНА,D026,Професор кафедри,Доктор педагогічних наук,Професор,http://orcid.org/0000-0001-7427-9735,https://scholar.google.com/citations?user=EM_FnCYAAAAJ&hl=th,,,https://www.kspu.edu/About/Faculty/IUkrForeignPhilology/IPhilologyJournalizm/Staff.aspx
T-D026-4D8D8DE2,ПОПКОВА ОКСАНА АНАТОЛІЇВНА,D026,Викладач,Доктор філософії з галузі знань 03 гуманітарні науки за спеціальністю 035 філологія тема дисертації: «комунікативно-прагматичний потенціал оказіональних складних слів у газетному дискурсі початку ххі сторіччя» науковий профіль (google scholar) науковий профіль (semantic scholar) науковий профіль (orcid) науковий профіль (web of science),Викладач,,https://scholar.google.com.ua/citations?view_op=list_works&amp;hl=ru&amp;user=-D99R70AAAAJ,,https://www.webofscience.com/wos/author/record/ABY-%202503-2022?state=%7B%7D,https://www.kspu.edu/About/Faculty/IUkrForeignPhilology/IPhilologyJournalizm/Staff.aspx
T-D026-FE638456,СОЛОМАХІН АНДРІЙ ФЕДОРОВИЧ,D026,Доцент кафедри,Кандидат філологічних наук,Доцент,,,,,https://www.kspu.edu/About/Faculty/IUkrForeignPhilology/IPhilologyJournalizm/Staff.aspx
T-D026-C1402834,ЮРІНА ЮЛІЯ МИКОЛАЇВНА,D026,Доцент кафедри,Кандидат філологічних наук,Доцент,,https://scholar.google.com.ua/citations?user=OtFnAYUAAAAJ&hl,,,https://www.kspu.edu/About/Faculty/IUkrForeignPhilology/IPhilologyJournalizm/Staff.aspx
